Workbook
Name Slicer_Day: #REF!
Name Slicer_Month: #REF!
Name Slicer_Year: #REF!

Sheet Sheet1
A1: @dropdown

Sheet uber_stock_data
A1: Date | B1: Day | C1: Month | D1: Year | E1: Adj Close | F1: Close | G1: High | H1: Low | I1: Open | J1: Volume
A2: 43595 | B2: =TEXT(uber_stock_data!$A2,"DDDD") -> Friday | C2: =TEXT(uber_stock_data!$A2,"MMMM") -> May | D2: =TEXT(uber_stock_data!$A2,"yyyy") -> 2019 | E2: 41.57 | F2: 41.57 | G2: 45 | H2: 41.060001 | I2: 42 | J2: 186322500
A3: 43598 | B3: =TEXT(uber_stock_data!$A3,"DDDD") -> Monday | C3: =TEXT(uber_stock_data!$A3,"MMMM") -> May | D3: =TEXT(uber_stock_data!$A3,"yyyy") -> 2019 | E3: 37.099998 | F3: 37.099998 | G3: 39.240002 | H3: 36.080002 | I3: 38.790001 | J3: 79442400
A4: 43599 | B4: =TEXT(uber_stock_data!$A4,"DDDD") -> Tuesday | C4: =TEXT(uber_stock_data!$A4,"MMMM") -> May | D4: =TEXT(uber_stock_data!$A4,"yyyy") -> 2019 | E4: 39.959999 | F4: 39.959999 | G4: 39.959999 | H4: 36.849998 | I4: 38.310001 | J4: 46661100
A5: 43600 | B5: =TEXT(uber_stock_data!$A5,"DDDD") -> Wednesday | C5: =TEXT(uber_stock_data!$A5,"MMMM") -> May | D5: =TEXT(uber_stock_data!$A5,"yyyy") -> 2019 | E5: 41.290001 | F5: 41.290001 | G5: 41.880001 | H5: 38.950001 | I5: 39.369999 | J5: 36086100
A6: 43601 | B6: =TEXT(uber_stock_data!$A6,"DDDD") -> Thursday | C6: =TEXT(uber_stock_data!$A6,"MMMM") -> May | D6: =TEXT(uber_stock_data!$A6,"yyyy") -> 2019 | E6: 43 | F6: 43 | G6: 44.060001 | H6: 41.25 | I6: 41.48 | J6: 38115500
A7: 43602 | B7: =TEXT(uber_stock_data!$A7,"DDDD") -> Friday | C7: =TEXT(uber_stock_data!$A7,"MMMM") -> May | D7: =TEXT(uber_stock_data!$A7,"yyyy") -> 2019 | E7: 41.91 | F7: 41.91 | G7: 43.290001 | H7: 41.27 | I7: 41.98 | J7: 20225700
A8: 43605 | B8: =TEXT(uber_stock_data!$A8,"DDDD") -> Monday | C8: =TEXT(uber_stock_data!$A8,"MMMM") -> May | D8: =TEXT(uber_stock_data!$A8,"yyyy") -> 2019 | E8: 41.59 | F8: 41.59 | G8: 41.68 | H8: 39.459999 | I8: 41.189999 | J8: 29222300
A9: 43606 | B9: =TEXT(uber_stock_data!$A9,"DDDD") -> Tuesday | C9: =TEXT(uber_stock_data!$A9,"MMMM") -> May | D9: =TEXT(uber_stock_data!$A9,"yyyy") -> 2019 | E9: 41.5 | F9: 41.5 | G9: 42.240002 | H9: 41.25 | I9: 42 | J9: 10802900
A10: 43607 | B10: =TEXT(uber_stock_data!$A10,"DDDD") -> Wednesday | C10: =TEXT(uber_stock_data!$A10,"MMMM") -> May | D10: =TEXT(uber_stock_data!$A10,"yyyy") -> 2019 | E10: 41.25 | F10: 41.25 | G10: 41.279999 | H10: 40.5 | I10: 41.049999 | J10: 9089500
A11: 43608 | B11: =TEXT(uber_stock_data!$A11,"DDDD") -> Thursday | C11: =TEXT(uber_stock_data!$A11,"MMMM") -> May | D11: =TEXT(uber_stock_data!$A11,"yyyy") -> 2019 | E11: 40.470001 | F11: 40.470001 | G11: 41.09 | H11: 40.02 | I11: 40.799999 | J11: 11119900
A12: 43609 | B12: =TEXT(uber_stock_data!$A12,"DDDD") -> Friday | C12: =TEXT(uber_stock_data!$A12,"MMMM") -> May | D12: =TEXT(uber_stock_data!$A12,"yyyy") -> 2019 | E12: 41.509998 | F12: 41.509998 | G12: 41.509998 | H12: 40.5 | I12: 41.279999 | J12: 8786800
A13: 43613 | B13: =TEXT(uber_stock_data!$A13,"DDDD") -> Tuesday | C13: =TEXT(uber_stock_data!$A13,"MMMM") -> May | D13: =TEXT(uber_stock_data!$A13,"yyyy") -> 2019 | E13: 40.950001 | F13: 40.950001 | G13: 41.799999 | H13: 40.599998 | I13: 41.700001 | J13: 13391600
... A1445: 45693 | B1445: =TEXT(uber_stock_data!$A1445,"DDDD") -> Wednesday | C1445: =TEXT(uber_stock_data!$A1445,"MMMM") -> February | D1445: =TEXT(uber_stock_data!$A1445,"yyyy") -> 2025 | E1445: 64.480003 | F1445: 64.480003 | G1445: 66.75 | H1445: 63.5 | I1445: 66.5 | J1445: 74772959
